{"cameraMode":{"drawMode":0,"name":"Shaded","section":"Shading Mode"},"sceneLighting":true,"audioPlay":false,"sceneViewState":{"showFog":true,"showMaterialUpdate":false,"showSkybox":true,"showFlares":true,"showImageEffects":true,"showParticleSystems":true},"in2DMode":false,"pivot":{"x":1.758352279663086,"y":-6.243442535400391,"z":-5.228022575378418},"rotation":{"x":0.3738211989402771,"y":0.6004379987716675,"z":-0.37427306175231936,"w":0.5997169613838196},"size":54.560272216796878,"orthographic":false}