{"cameraMode":{"drawMode":0,"name":"Shaded","section":"Shading Mode"},"sceneLighting":true,"audioPlay":false,"sceneViewState":{"showFog":true,"showMaterialUpdate":false,"showSkybox":true,"showFlares":true,"showImageEffects":true,"showParticleSystems":true},"in2DMode":false,"pivot":{"x":-6.986406326293945,"y":5.099061012268066,"z":-0.33540230989456179},"rotation":{"x":0.1038658395409584,"y":0.7435535192489624,"z":-0.11996251344680786,"w":0.6499971747398377},"size":1.135655403137207,"orthographic":false}